Item,position,modality,cat,Condition,solution,property,concept,mean_auditory,mean_haptic,mean_visual,mean_perceptualstrength,mean_concreteness,mean_exclusivity,LSA_distance,prop_letters,prop_concreteness,prop_exclusivity,prop_lg10CD,prop_orthneigh,conc_letters,conc_concreteness,conc_exclusivity,conc_lg10CD,conc_orthneigh
207,prime,auditory,a_de,auditory2visual,Ja,Piepende,Aankondiging,3.83,0.857,1.839,3.83,2.2,0.451495727,,8,,0.422222222,1.08,1,12,2.2,0.480769231,2.06,0
8,target,visual,v_de,haptic2visual,Ja,Plantaardige,Aantekening,1.223,2.491,3.143,3.143,3.165,0.288194445,0.819882,12,2.8,0.354166667,1.26,0,11,3.53,0.222222222,1.76,0
16,target,visual,v_de,haptic2visual,Ja,Lege,Aantekening,1.23,2.095,3.31,3.31,3.5,0.331111111,0.816074,4,3.47,0.44,2.91,13,11,3.53,0.222222222,1.76,0
45,target,visual,v_de,visual2visual,Ja,Kille,Aantekening,1.086,2.029,2.443,2.443,3.37,0.258169935,0.881481,5,3.21,0.294117647,1.91,20,11,3.53,0.222222222,1.76,0
167,prime,visual,v_de,visual2visual,Ja,Olieachtige,Aantekening,0.986,2.729,3.343,3.343,3.53,0.345486111,0.87788,11,,0.46875,0.6,0,11,3.53,0.222222222,1.76,0
212,prime,auditory,a_het,auditory2visual,Ja,Zoemend,Advies,4.59,0.979,1.688,4.59,1.87,0.506112145,,7,,0.603773585,0.85,0,6,1.87,0.408450704,3.04,0
210,prime,auditory,a_het,auditory2visual,Ja,Geluidloos,Antwoord,4,1,2.056,4,2.835,0.470746108,0.810143,10,3,0.52173913,1.11,0,8,2.67,0.419753086,3.53,1
157,prime,visual,v_het,visual2visual,Ja,Vreemd,Aspect,1.938,1.25,2.438,2.438,1.57,0.270186336,0.886507,6,1.67,0.15942029,3.51,2,6,1.47,0.380952381,2.04,0
98,target,visual,v_het,auditory2visual,Nee,Behaard,Beheer,0.425,2.3,2.825,2.825,3.2,0.420930233,1.04916,7,4.07,0.441860465,1.45,6,6,2.33,0.4,1.95,5
31,target,visual,v_de,haptic2visual,Nee,Gevlekte,Belasting,1.107,1.262,3.528,3.528,3.1,0.438251619,0.981789,8,4,0.680851064,1.4,3,9,2.2,0.195652174,2.56,0
90,target,visual,v_de,auditory2visual,Nee,Lenige,Belasting,1.357,1.429,3.5,3.5,2.735,0.347826087,0.991066,6,3.27,0.5,0.85,3,9,2.2,0.195652174,2.56,0
41,target,visual,v_de,visual2visual,Nee,Ijzige,Beurs,1.757,2.029,2.5,2.5,3.07,0.210714286,1.0372,6,3.07,0.171428571,1.57,2,5,3.07,0.25,2.61,1
48,target,visual,v_de,visual2visual,Ja,Rotsige,Beurs,1.307,2.079,2.6,2.6,3.07,0.3046875,0.981565,7,,0.359375,0.78,1,5,3.07,0.25,2.61,1
93,target,visual,v_de,auditory2visual,Ja,Miniatuur,Beurs,1.257,1.929,3.1,3.1,3.37,0.367857143,0.955464,9,3.67,0.485714286,1.38,0,5,3.07,0.25,2.61,1
37,target,visual,v_het,visual2visual,Ja,Brak,Bezit,2.286,2.257,3.314,3.314,2.71,0.149180328,0.901718,4,3.42,0.2,2.9,7,5,2,0.098360656,3.16,4
39,target,visual,v_het,visual2visual,Ja,Hol,Bezit,2.586,2.157,3.414,3.414,3.2,0.167601381,0.907924,3,4.4,0.236842105,2.56,9,5,2,0.098360656,3.16,4
56,target,visual,v_het,visual2visual,Ja,Transparant,Bezit,1.598,1.857,3.777,3.777,2.735,0.353528154,1.05536,11,3.47,0.608695652,1.38,0,5,2,0.098360656,3.16,4
153,prime,visual,v_het,visual2visual,Ja,Bloemrijk,Bezit,1.952,2.024,3.714,3.714,2.715,0.249180328,1.06813,9,3.43,0.4,0.7,0,5,2,0.098360656,3.16,4
23,target,visual,v_de,haptic2visual,Nee,Blauwe,Boerderij,1.96,1.167,3.579,3.579,4.365,0.36710444,0.983035,6,4.53,0.682926829,3.14,4,9,4.2,0.051282051,2.77,0
38,target,visual,v_de,visual2visual,Nee,Elastische,Boerderij,2.571,2.3,3.982,3.982,3.8,0.15275967,1.00684,10,3.4,0.254237288,1.04,1,9,4.2,0.051282051,2.77,0
40,target,visual,v_de,visual2visual,Ja,Smerige,Boerderij,2.238,2.278,3.691,3.691,3.765,0.18005279,0.787197,7,3.33,0.308823529,2.94,3,9,4.2,0.051282051,2.77,0
62,target,visual,v_de,visual2visual,Nee,Pluizige,Boete,0.986,2.343,3.571,3.571,3.435,0.385531136,0.902354,8,4,0.461538462,1.46,0,5,2.87,0.30952381,2.47,8
67,target,visual,v_de,visual2visual,Nee,Bronzen,Boete,0.897,0.81,2.96,2.96,3.3,0.480107527,0.985813,7,3.73,0.766666667,1.61,2,5,2.87,0.193548387,2.47,8
163,prime,visual,v_de,visual2visual,Nee,Getande,Boete,1.348,1.518,2.946,2.946,3.1,0.29920635,0.998269,7,3.33,0.288888889,0.7,1,5,2.87,0.30952381,2.47,8
109,prime,haptic,h_het,haptic2visual,Ja,Gebroken,Bot,1.96,3.135,2.508,3.135,4,0.150597388,0.552381,8,3.53,0.114754098,3.31,3,3,4.47,0.186440678,2.71,29
122,prime,haptic,h_het,haptic2visual,Ja,Broos,Bot,1.571,3.482,2.911,3.482,3.87,0.243220339,0.873392,5,3.27,0.3,1.26,6,3,4.47,0.186440678,2.71,29
191,prime,auditory,a_het,auditory2visual,Nee,Schreeuwend,Compliment,3.444,1.294,2.127,3.444,3.035,0.308147397,0.977691,11,3.67,0.224137931,2.02,2,10,2.4,0.392156863,2.59,0
101,target,visual,v_het,auditory2visual,Nee,Oranje,Concept,1.113,0.838,3.513,3.513,2.965,0.498317915,0.99857,6,4.4,0.655172414,2.45,12,7,1.53,0.341463415,2.34,1
119,prime,haptic,h_het,haptic2visual,Ja,Ruw,Contact,1.714,3.357,2.754,3.357,3.135,0.228896104,0.850669,3,3.87,0.321428571,2.49,11,7,2.4,0.136363636,3.37,2
121,prime,haptic,h_het,haptic2visual,Ja,Mals,Contact,1.839,3.982,3.205,3.982,3.1,0.242094862,1.20917,4,3.8,0.347826087,1.64,13,7,2.4,0.136363636,3.37,2
126,prime,haptic,h_het,haptic2visual,Ja,Bevriezend,Contact,1.514,3.257,2.843,3.257,2.4,0.257836991,,10,,0.379310345,0.3,1,7,2.4,0.136363636,3.37,2
34,target,visual,v_de,haptic2visual,Ja,Effen,Deel,0.75,1.538,3.675,3.675,3.035,0.503496504,0.93126,5,3.4,0.461538462,1.26,4,4,2.67,0.545454545,3.54,13
24,target,visual,v_het,haptic2visual,Nee,Onrijp,Dek,0.813,2.188,3.063,3.063,3.73,0.367860188,1.0097,6,3.13,0.431372549,0.85,0,3,4.33,0.304347826,2.8,22
171,prime,visual,v_het,visual2visual,Ja,Vlak,Dek,0.963,2.475,3.738,3.738,3.7,0.373104146,0.820377,4,3.07,0.441860465,3.21,9,3,4.33,0.304347826,2.8,22
132,prime,haptic,h_de,haptic2visual,Nee,Stekelige,Deken,1.286,3.786,3.714,3.786,4.465,0.284749035,0.795281,9,4.2,0.285714286,0.9,0,5,4.73,0.283783784,2.6,18
185,prime,auditory,a_de,auditory2visual,Nee,Krijsende,Dichter,2.667,1.278,2.167,2.667,2.87,0.22718254,,9,,0.232142857,1.32,2,7,2.87,0.222222222,2.96,6
189,prime,auditory,a_het,auditory2visual,Ja,Fluisterend,Doel,3.056,1.519,1.625,3.056,2.13,0.300684485,,11,,0.389830508,1.3,2,4,2.13,0.211538462,3.3,16
204,prime,auditory,a_de,auditory2visual,Nee,Grommende,Economie,3.771,0.708,2.722,3.771,1.53,0.412207358,,9,,0.47826087,0.95,1,8,1.53,0.346153846,2.44,0
29,target,visual,v_het,haptic2visual,Ja,Tenger,Effect,1.5,1.557,3.671,3.671,2.535,0.417843389,0.917275,6,3,0.421052632,1.3,1,6,2.07,0.414634146,2.77,0
33,target,visual,v_het,haptic2visual,Ja,Elegant,Effect,1.667,0.691,3.238,3.238,2.2,0.457317073,0.949052,7,2.33,0.5,2.31,1,6,2.07,0.414634146,2.77,0
60,target,visual,v_het,visual2visual,Ja,Nauw,Effect,1.7,1.157,3.371,3.371,2.4,0.37398374,1.04643,4,2.73,0.333333333,2.36,8,6,2.07,0.414634146,2.77,0
72,target,visual,v_het,visual2visual,Ja,Grotesk,Effect,1,0.691,3.571,3.571,2.075,0.635888502,0.94522,7,2.08,0.857142857,1.34,1,6,2.07,0.414634146,2.77,0
179,prime,visual,v_het,visual2visual,Ja,Glitterend,Effect,1.4,1.157,3.671,3.671,2.07,0.464892831,,10,,0.515151515,0.48,0,6,2.07,0.414634146,2.77,0
78,target,visual,v_de,auditory2visual,Ja,Doffe,Eigenaar,2.238,1.357,3.048,3.048,3.065,0.256535948,0.958726,5,3.2,0.277777778,1.34,2,8,2.93,0.235294118,3.02,1
106,target,visual,v_de,auditory2visual,Nee,Fuchsia,Eigenaar,1.134,0.92,3.902,3.902,3.735,0.577106519,0.94063,7,4.54,0.918918919,1,0,8,2.93,0.235294118,3.02,1
186,prime,auditory,a_de,auditory2visual,Nee,Stormachtige,Eis,3.656,1.938,3,3.656,2.6,0.232600733,0.9187,12,3.4,0.131868132,1.45,1,3,1.8,0.333333333,2.64,13
196,prime,auditory,a_het,auditory2visual,Nee,Schor,Enthousiasme,4.578,2.278,2.456,4.578,2.83,0.337784091,0.859341,5,3.13,0.59375,1.11,7,12,2.53,0.081818182,2.25,1
176,prime,visual,v_de,visual2visual,Ja,Korte,Expansie,1,1.625,3.625,3.625,2.565,0.413461539,0.974158,5,3,0.576923077,3.05,14,8,2.13,0.25,1.04,0
194,prime,auditory,a_het,auditory2visual,Nee,Gillend,Feit,3.389,1.333,1.889,3.389,1.67,0.313265306,,7,,0.326530612,1.87,2,4,1.67,0.3,3.15,3
199,prime,auditory,a_de,auditory2visual,Nee,Blaffende,Felicitatie,4.295,1.161,2.777,4.295,2.67,0.374603175,,9,,0.471428571,1.34,2,11,2.67,0.277777778,1.2,1
177,prime,visual,v_de,visual2visual,Ja,Bolvormige,Formatie,0.863,1.738,3.413,3.413,2.9,0.432432432,0.83644,10,3.67,0.486486486,0.48,0,8,2.13,0.378378378,2.04,0
43,target,visual,v_het,visual2visual,Nee,Koortsig,Fortuin,1.071,1.886,2.414,2.414,2.635,0.25,1.05603,8,2.67,0.25,1.42,0,7,2.6,0.25,2.69,0
66,target,visual,v_het,visual2visual,Nee,Kleurrijk,Fortuin,0.96,1.064,3.214,3.214,2.9,0.447916667,0.914891,9,3.2,0.645833333,1.76,1,7,2.6,0.25,2.69,0
150,prime,visual,v_het,visual2visual,Nee,Weinig,Fortuin,1.071,1.686,2.214,2.214,1.965,0.229166667,0.816837,6,1.33,0.208333333,3.49,3,7,2.6,0.25,2.69,0
173,prime,visual,v_het,visual2visual,Nee,Licht,Fortuin,0.821,1.911,3.173,3.173,3.265,0.38125,0.945551,5,3.93,0.5125,3.43,10,7,2.6,0.25,2.69,0
70,target,visual,v_het,visual2visual,Nee,Onbeweeglijk,Gebaar,0.633,1.567,3.722,3.722,3.03,0.51532567,0.872001,12,2.93,0.444444444,1.23,0,6,3.13,0.586206896,2.48,4
136,prime,haptic,h_de,haptic2visual,Nee,Klamme,Geest,0.967,2.567,1.478,2.567,2.57,0.355983773,0.834267,6,3.27,0.470588235,1.4,10,5,1.87,0.24137931,3.28,9
206,prime,auditory,a_het,auditory2visual,Nee,Kreunend,Gelach,4.882,1.167,3.16,4.882,4,0.416666667,,8,,0.5,0.78,1,6,4,0.333333333,1.95,0
27,target,visual,v_de,haptic2visual,Nee,Gebogen,Gelegenheid,1.024,1.913,3.151,3.151,2.835,0.383802817,0.96045,7,3.6,0.267605634,2.04,8,11,2.07,0.5,2.75,1
36,target,visual,v_de,haptic2visual,Ja,Gouden,Gelegenheid,0.657,1.157,3.529,3.529,2.87,0.53125,0.897149,6,3.67,0.5625,2.95,7,11,2.07,0.5,2.75,1
214,prime,auditory,a_het,auditory2visual,Ja,Schel,Geluid,3.619,1.183,0.706,3.619,3.27,0.520108696,0.618908,5,2.87,0.475,1,10,6,3.67,0.565217391,3.14,4
187,prime,auditory,a_het,auditory2visual,Nee,Knarsend,Gerucht,4.536,1.696,1.732,4.536,2,0.267857143,,9,,0.25,0.7,1,7,2,0.285714286,2.61,4
111,prime,haptic,h_het,haptic2visual,Nee,Gewichtloos,Geweer,1.848,3.214,3.143,3.214,3.83,0.177732794,0.774708,11,2.73,0.263157895,1.28,0,6,4.93,0.092307692,3.06,3
114,prime,haptic,h_het,haptic2visual,Nee,Pijnvol,Heft,1.433,2.65,2.567,2.65,2.71,0.205128205,,7,,0.076923077,0.48,0,4,2.71,0.333333333,2.03,8
120,prime,haptic,h_het,haptic2visual,Ja,Hard,Heft,1.458,2.938,2.292,2.938,3.055,0.238095238,0.890188,4,3.4,0.142857143,3.6,12,4,2.71,0.333333333,2.03,8
125,prime,haptic,h_het,haptic2visual,Nee,Pulserend,Heft,1.333,2.393,1.81,2.393,2.71,0.256410256,,9,,0.179487179,0.48,0,4,2.71,0.333333333,2.03,8
133,prime,haptic,h_het,haptic2visual,Nee,Borstelig,Heft,0.833,3.25,3.042,3.25,3.155,0.338095238,0.898736,9,3.6,0.342857143,0.48,0,4,2.71,0.333333333,2.03,8
141,prime,haptic,h_het,haptic2visual,Ja,Koel,Heft,0.733,2.75,1.667,2.75,3.055,0.395833333,0.866279,4,3.4,0.458333333,2.52,17,4,2.71,0.333333333,2.03,8
192,prime,auditory,a_de,auditory2visual,Ja,Knallende,Herinnering,3.286,1.171,2.2,3.286,1.87,0.309210527,,9,,0.368421053,1.38,2,11,1.87,0.25,2.8,0
22,target,visual,v_de,haptic2visual,Ja,Roestige,Hoeveelheid,1.268,2.089,3.964,3.964,2.73,0.366666667,0.9656,8,3.53,0.433333333,1.65,1,11,1.93,0.3,2.5,0
30,target,visual,v_de,haptic2visual,Nee,Beige,Hoeveelheid,1.032,1.659,3.548,3.548,3.265,0.420833334,0.950069,5,4.6,0.541666667,1.76,1,11,1.93,0.3,2.5,0
89,target,visual,v_de,auditory2visual,Nee,Vlezige,Huur,1.143,1.8,3.086,3.086,2.965,0.342320262,0.947536,7,3.13,0.361111111,1.04,0,4,2.8,0.323529412,2.95,9
104,target,visual,v_de,auditory2visual,Nee,Rode,Huur,0.893,0.75,3.661,3.661,3.565,0.531329924,0.987542,4,4.33,0.739130435,3.19,1,4,2.8,0.323529412,2.95,9
46,target,visual,v_het,visual2visual,Nee,Solide,Ideaal,1.5,2.571,3.214,3.214,1.85,0.269354839,0.891126,6,2.17,0.338709677,2,0,6,1.53,0.2,2.44,0
148,prime,visual,v_het,visual2visual,Ja,Wild,Ideaal,2.2,1.643,3.114,3.114,2.33,0.209756098,0.864252,5,3.13,0.219512195,3.82,6,6,1.53,0.2,2.44,0
211,prime,auditory,a_de,auditory2visual,Nee,Melodieuze,Kennis,3.811,0.7,1.933,3.811,2,0.494623656,0.959205,10,2.53,0.666666667,0.85,0,6,1.47,0.322580645,3.22,1
74,target,visual,v_de,auditory2visual,Ja,Levende,Kip,3.05,2.75,3.486,3.486,3.9,0.079850746,0.76092,7,2.93,0.1,2.83,5,3,4.87,0.059701492,2.96,18
160,prime,visual,v_de,visual2visual,Ja,Zwarte,Kip,2.056,1.944,3.73,3.73,4.57,0.284567727,0.88176,6,4.27,0.509433962,3.33,4,3,4.87,0.059701492,2.96,18
17,target,visual,v_de,haptic2visual,Ja,Ondiepe,Kwestie,1.188,1.813,2.938,2.938,2.365,0.332810867,0.879064,7,3.2,0.424242424,1.54,1,7,1.53,0.24137931,3.03,1
193,prime,auditory,a_de,auditory2visual,Ja,Sissende,Laster,2.95,1.05,1.663,2.95,2.33,0.309615385,,8,,0.369230769,1.04,0,6,2.33,0.25,1.84,4
195,prime,auditory,a_de,auditory2visual,Ja,Morrende,Leiding,3.571,1.405,2.119,3.571,2.67,0.326794258,,8,,0.526315789,0.3,0,7,2.67,0.127272727,3.09,0
2,target,visual,v_de,haptic2visual,Ja,Zwoele,Levering,2.367,1.767,2.733,2.733,2.865,0.147727273,0.973728,6,2.53,0.25,1.48,2,8,3.2,0.045454546,2.19,1
4,target,visual,v_de,haptic2visual,Ja,Beschimmelde,Levering,1.667,1.667,3.333,3.333,3.335,0.272727273,0.87933,12,3.47,0.5,1.2,0,8,3.2,0.045454546,2.19,1
50,target,visual,v_de,visual2visual,Ja,Losse,Levering,1.367,1.867,3.033,3.033,3.2,0.311188812,0.933941,5,3.2,0.576923077,2.47,20,8,3.2,0.045454546,2.19,1
73,target,visual,v_de,auditory2visual,Nee,Pijnlijke,Levering,2.278,2.278,2.611,2.611,3.035,0.046536797,0.980362,9,2.87,0.047619048,2.4,1,8,3.2,0.045454546,2.19,1
146,prime,visual,v_de,visual2visual,Nee,Weerkaatsende,Levering,2.467,1.667,2.933,2.933,3.2,0.184491979,,13,,0.323529412,0.3,0,8,3.2,0.045454546,2.19,1
156,prime,visual,v_de,visual2visual,Ja,Onmetelijke,Levering,1.542,1.792,2.958,2.958,2.335,0.260822511,1.02835,11,1.47,0.476190476,1.26,0,8,3.2,0.045454546,2.19,1
161,prime,visual,v_de,visual2visual,Nee,Dode,Levering,1.611,1.389,2.556,2.556,3.265,0.287433156,0.939932,4,3.33,0.529411765,3.24,19,8,3.2,0.045454546,2.19,1
7,target,visual,v_het,haptic2visual,Ja,Schriel,Loon,1.452,1.905,3.369,3.369,2.7,0.277219873,0.913305,7,2.33,0.395348837,1.04,0,4,3.07,0.159090909,2.8,13
49,target,visual,v_het,visual2visual,Nee,Mistig,Loon,1.186,2.171,3.286,3.286,3.47,0.308116883,0.934111,6,3.87,0.457142857,1.7,2,4,3.07,0.159090909,2.8,13
77,target,visual,v_het,auditory2visual,Nee,Hobbelig,Loon,1.286,2.671,2.986,2.986,3.335,0.237440192,1.03941,8,3.6,0.315789474,1.58,0,4,3.07,0.159090909,2.8,13
81,target,visual,v_het,auditory2visual,Nee,Stoffig,Loon,1.23,2.294,3.119,3.119,3.47,0.277958153,0.881351,7,3.87,0.396825397,1.76,1,4,3.07,0.159090909,2.8,13
145,prime,visual,v_het,visual2visual,Nee,Breekbaar,Loon,1.586,2.321,2.636,2.636,3.1,0.160427808,0.920184,9,3.13,0.161764706,1.9,0,4,3.07,0.159090909,2.8,13
147,prime,visual,v_het,visual2visual,Nee,Druk,Loon,1.848,1.884,2.848,2.848,3.035,0.188636364,0.895827,4,3,0.218181818,3.65,7,4,3.07,0.159090909,2.8,13
51,target,visual,v_de,visual2visual,Nee,Aardse,Magie,1.167,0.952,2.286,2.286,1.97,0.312807882,0.839526,6,2.07,0.142857143,2.18,6,5,1.87,0.482758621,2.75,1
105,target,visual,v_de,auditory2visual,Nee,Lage,Magie,0.7,0.986,3.386,3.386,2.335,0.558045977,0.96932,4,2.8,0.633333333,2.61,0,5,1.87,0.482758621,2.75,1
1,target,visual,v_het,haptic2visual,Nee,Kokend,Mandaat,1.806,1.528,2.306,2.306,1.93,0.131191951,0.901574,6,,0.144736842,1.77,4,7,1.93,0.117647059,1.49,0
162,prime,visual,v_het,visual2visual,Nee,Rot,Mandaat,0.729,1.479,2.396,2.396,2.965,0.294117647,1.07219,3,4,0.470588235,3.33,24,7,1.93,0.117647059,1.49,0
164,prime,visual,v_het,visual2visual,Nee,Nevelig,Mandaat,0.617,1.517,2.183,2.183,2.7,0.30020284,0.885476,7,3.47,0.482758621,0.3,0,7,1.93,0.117647059,1.49,0
140,prime,haptic,h_de,haptic2visual,Ja,Warme,Massage,1.236,4.306,2.361,4.306,3.835,0.388146168,0.752902,5,3.47,0.393939394,2.87,9,7,4.2,0.382352941,2.31,3
87,target,visual,v_de,auditory2visual,Ja,Vochtige,Mist,1.04,2.405,3.302,3.302,4.12,0.335716777,0.690076,8,3.71,0.245901639,1.77,1,4,4.53,0.425531915,3.16,15
102,target,visual,v_de,auditory2visual,Nee,Groene,Mist,0.829,1.571,4.057,4.057,4.365,0.503088538,0.770451,6,4.2,0.580645161,2.94,7,4,4.53,0.425531915,3.16,15
42,target,visual,v_het,visual2visual,Ja,Smakeloos,Moment,1.471,0.971,1.986,1.986,1.9,0.22195122,0.925003,9,2.47,0.2,1.75,0,6,1.33,0.243902439,3.7,0
92,target,visual,v_het,auditory2visual,Ja,Schattig,Moment,1.738,0.96,3.064,3.064,1.9,0.367049259,0.785329,8,2.47,0.490196078,2.96,2,6,1.33,0.243902439,3.7,0
151,prime,visual,v_het,visual2visual,Ja,Rommelend,Moment,2.384,1.259,2.723,2.723,1.33,0.231042129,,9,,0.218181818,0.6,12,6,1.33,0.243902439,3.7,0
154,prime,visual,v_het,visual2visual,Nee,Gewelfd,Moment,1.905,1.238,2.702,2.702,2.4,0.250522648,0.876797,7,3.47,0.257142857,0.3,1,6,1.33,0.243902439,3.7,0
178,prime,visual,v_het,visual2visual,Ja,Donker,Moment,1.294,0.96,2.952,2.952,2.665,0.439024391,0.684565,6,4,0.634146342,3.28,1,6,1.33,0.243902439,3.7,0
183,prime,auditory,a_de,auditory2visual,Ja,Ritmische,Neiging,2.522,1.389,1.867,2.522,2.535,0.19375,0.86689,9,3.27,0.2,1,0,7,1.8,0.1875,2.16,0
201,prime,auditory,a_het,auditory2visual,Ja,Luidruchtig,Noodgeval,4.014,1.086,2.486,4.014,2.53,0.385799404,0.814128,11,3.13,0.526315789,2.05,1,9,1.93,0.245283019,2.74,0
159,prime,visual,v_het,visual2visual,Ja,Groot,Onderscheid,1.792,1.646,3.438,3.438,2.5,0.283068783,0.910296,5,3.2,0.380952381,3.7,6,11,1.8,0.185185185,2.1,1
32,target,visual,v_het,haptic2visual,Ja,Briljant,Oosten,1.04,0.587,2.373,2.373,2.6,0.446428572,1.06043,8,1.93,0.25,2.85,1,6,3.27,0.642857143,2.71,5
35,target,visual,v_het,haptic2visual,Nee,Geblokt,Oosten,0.929,0.865,3.151,3.151,3.27,0.528975742,1.02688,7,,0.41509434,1.11,1,6,3.27,0.642857143,2.71,5
63,target,visual,v_het,visual2visual,Nee,Gevormd,Oosten,1.262,1.421,2.762,2.762,3.27,0.394009217,0.945895,7,,0.14516129,2.29,0,6,3.27,0.642857143,2.71,5
103,target,visual,v_het,auditory2visual,Ja,Luchtig,Oosten,0.817,0.921,2.762,2.762,2.87,0.510317461,1.00194,7,2.47,0.377777778,1.73,1,6,3.27,0.642857143,2.71,5
188,prime,auditory,a_de,auditory2visual,Nee,Giechelende,Overeenkomst,4.042,1.556,3.319,4.042,1.93,0.270701755,,11,,0.394736842,0.78,1,12,1.93,0.146666667,2.73,1
96,target,visual,v_de,auditory2visual,Ja,Verouderde,Pels,0.75,1.938,3.188,3.188,3.7,0.406759907,1.08048,10,2.8,0.454545455,1.18,0,4,4.6,0.358974359,1.26,9
107,target,visual,v_de,auditory2visual,Ja,Gespikkelde,Pels,0.375,1.188,3.313,3.313,4.235,0.602564103,0.756941,11,3.87,0.846153846,0.78,0,4,4.6,0.358974359,1.26,9
113,prime,haptic,h_het,haptic2visual,Nee,Kietelend,Pistool,2.161,4.089,3.268,4.089,4.87,0.2,,9,,0.307692308,0.6,1,7,4.87,0.092307692,3.23,0
123,prime,haptic,h_het,haptic2visual,Ja,Heet,Pistool,1.46,1.143,3.46,3.46,2.8,0.246153846,0.773426,4,3.33,0.4,3.74,18,7,2.27,0.092307692,3.23,0
209,prime,auditory,a_het,auditory2visual,Nee,Oorverdovend,Plan,3.444,0.701,1.271,3.444,2.965,0.46474359,0.973202,12,3,0.673076923,1.34,0,4,2.93,0.256410256,3.47,7
213,prime,auditory,a_het,auditory2visual,Ja,Hoorbaar,Plan,3.444,0.576,1.146,3.444,2.9,0.513621795,0.964573,8,2.87,0.770833333,1.15,0,4,2.93,0.256410256,3.47,7
14,target,visual,v_de,haptic2visual,Nee,Diepe,Plug,1.217,2.367,3.5,3.5,3.6,0.326666667,0.914433,5,3.07,0.253333333,2.69,10,4,4.13,0.4,1.56,3
15,target,visual,v_de,haptic2visual,Nee,Betoverende,Plug,1.117,1.667,2.85,2.85,3.2,0.330434783,0.938647,11,2.27,0.260869565,1.72,2,4,4.13,0.4,1.56,3
20,target,visual,v_de,haptic2visual,Ja,Verkoolde,Plug,0.817,1.817,2.85,2.85,4.13,0.362790698,0.91221,9,,0.325581395,1.32,1,4,4.13,0.4,1.56,3
53,target,visual,v_de,visual2visual,Nee,Enorme,Plug,1.083,2,3.25,3.25,2.965,0.338888889,0.970384,6,1.8,0.277777778,3.16,2,4,4.13,0.4,1.56,3
71,target,visual,v_de,visual2visual,Ja,Hoge,Plug,0.517,1.967,4.05,4.05,3.63,0.54375,1.03526,4,3.13,0.6875,3.19,21,4,4.13,0.4,1.56,3
80,target,visual,v_de,auditory2visual,Nee,Pure,Plug,1.167,1.917,2.875,2.875,3.23,0.271428572,0.995621,4,2.33,0.142857143,2.74,8,4,4.13,0.4,1.56,3
82,target,visual,v_de,auditory2visual,Nee,Golvende,Plug,1.792,2.479,3.875,3.875,4.13,0.284415585,0.923349,8,4.13,0.168831169,1.3,2,4,4.13,0.4,1.56,3
83,target,visual,v_de,auditory2visual,Ja,Metalen,Plug,1.417,3.167,3.75,3.75,4.1,0.3,0.86532,7,4.07,0.2,2.38,1,4,4.13,0.4,1.56,3
91,target,visual,v_de,auditory2visual,Nee,Vage,Plug,1.317,1.667,3.05,3.05,3.1,0.348148148,0.958488,4,2.07,0.296296296,2.18,14,4,4.13,0.4,1.56,3
166,prime,visual,v_de,visual2visual,Ja,Stomme,Plug,1.217,1.667,2.85,2.85,3.065,0.325,0.769553,6,2,0.25,3.43,10,4,4.13,0.4,1.56,3
182,prime,auditory,a_de,auditory2visual,Ja,Jammerende,Poëzie,2.722,1.611,2.056,2.722,2.93,0.182138481,,10,,0.254901961,1.2,1,6,2.93,0.109375,2.42,0
9,target,visual,v_de,haptic2visual,Ja,Saaie,President,1.968,0.825,2.516,2.516,2.53,0.292832168,0.934654,5,2.13,0.153846154,2.57,7,9,2.93,0.431818182,3.07,0
25,target,visual,v_de,haptic2visual,Ja,Schone,President,2.007,1.714,3.471,3.471,2.73,0.370230079,0.920504,6,2.53,0.308641975,2.82,4,9,2.93,0.431818182,3.07,0
99,target,visual,v_de,auditory2visual,Nee,Gloeiende,Prijs,1.088,1.513,3.775,3.775,3.24,0.425925926,0.941964,9,3.27,0.5,1.68,4,5,3.21,0.351851852,3.38,3
52,target,visual,v_de,visual2visual,Ja,Lelijke,Prins,1.688,1.482,3.741,3.741,2.83,0.319715143,0.785819,7,2.13,0.465517241,2.84,2,5,3.53,0.173913044,2.78,2
149,prime,visual,v_de,visual2visual,Nee,Vuile,Prins,1.556,2.246,2.929,2.929,3.7,0.224053296,0.938472,5,3.87,0.274193548,3.25,10,5,3.53,0.173913044,2.78,2
19,target,visual,v_de,haptic2visual,Ja,Jankende,Proportie,1.863,1.288,3.013,3.013,1.8,0.346082779,,8,,0.207317073,1.36,2,9,1.8,0.484848485,1.32,1
108,target,visual,v_de,auditory2visual,Ja,Blonde,Pupil,0.607,0.921,4.05,4.05,4.1,0.620110447,0.910093,6,4.4,0.679245283,2.55,4,5,3.8,0.56097561,1.66,0
174,prime,visual,v_de,visual2visual,Ja,Ruige,Pupil,1.545,1.509,3.813,3.813,3.265,0.391598916,0.89657,5,2.73,0.222222222,2.09,5,5,3.8,0.56097561,1.66,0
208,prime,auditory,a_de,auditory2visual,Nee,Krakende,Raad,4.111,1.194,1.236,4.111,2.33,0.460685484,,8,,0.483870968,1.26,1,4,2.33,0.4375,3.35,14
152,prime,visual,v_de,visual2visual,Ja,Zanderige,Race,2.493,1.679,3.014,3.014,4.17,0.235987792,0.956875,9,3.87,0.132352941,0.7,0,4,4.47,0.339622642,2.5,9
168,prime,visual,v_de,visual2visual,Nee,Gevorkte,Race,2.143,2.595,4.048,4.048,4.47,0.353144655,0.945167,8,,0.366666667,0.6,0,4,4.47,0.339622642,2.5,9
57,target,visual,v_de,visual2visual,Nee,Compacte,Reus,1.127,1.127,2.984,2.984,3.435,0.354166667,1.01699,8,2.6,0.375,1.43,1,4,4.27,0.333333333,2.29,7
175,prime,visual,v_de,visual2visual,Nee,Kleine,Reus,0.946,1.884,3.679,3.679,3.5,0.404761905,0.710016,6,2.73,0.476190476,3.67,4,4,4.27,0.333333333,2.29,7
130,prime,haptic,h_de,haptic2visual,Ja,Geneeskrachtige,Rots,0.829,2.557,2.386,2.557,4.73,0.263673891,0.920404,15,,0.176470588,1,0,4,4.73,0.350877193,2.62,8
134,prime,haptic,h_de,haptic2visual,Ja,Korrelige,Rots,0.817,3.357,3.119,3.357,4.43,0.34785239,0.87875,9,4.13,0.344827586,0.3,0,4,4.73,0.350877193,2.62,8
135,prime,haptic,h_de,haptic2visual,Nee,Zere,Rots,1.116,4.107,3.223,4.107,3.165,0.354010025,0.845866,4,1.6,0.357142857,1.86,19,4,4.73,0.350877193,2.62,8
137,prime,haptic,h_de,haptic2visual,Ja,Glibberige,Rots,1.116,4.107,3.161,4.107,4.13,0.356598017,0.709194,10,3.53,0.362318841,1.53,1,4,4.73,0.350877193,2.62,8
115,prime,haptic,h_de,haptic2visual,Nee,Jeukende,Schok,1.992,2.857,1.627,2.857,3.33,0.205882353,,8,,0.333333333,0.95,1,5,3.33,0.078431372,2.62,6
190,prime,auditory,a_de,auditory2visual,Nee,Gierende,Seconde,3.411,1.178,2.156,3.411,2.87,0.306603774,,8,,0.5,1.08,2,7,2.87,0.113207547,2.85,1
85,target,visual,v_de,auditory2visual,Nee,Prachtige,Selectie,1.957,1.286,3.629,3.629,2.065,0.328335374,,9,1.8,0.447368421,3.25,3,8,2.33,0.209302326,2.06,1
6,target,visual,v_de,haptic2visual,Nee,Grove,Sierlijkheid,1.679,2.455,3.446,3.446,2.07,0.274487836,0.931037,5,2.07,0.253521127,2.16,6,12,,0.295454545,0.6,0
64,target,visual,v_de,visual2visual,Nee,Rechthoekige,Sierlijkheid,1.116,2.08,3.884,3.884,4,0.417568543,0.610794,12,4,0.53968254,1,0,12,,0.295454545,0.6,0
61,target,visual,v_de,visual2visual,Nee,Gevouwen,Situatie,1.421,1.693,3.571,3.571,2.27,0.383951407,,8,,0.485294118,1.51,1,8,2.27,0.282608696,3.33,1
97,target,visual,v_de,auditory2visual,Ja,Heldere,Situatie,4,0.607,1.223,4,3.2,0.411304348,0.765895,7,3.8,0.54,2.33,7,8,2.6,0.282608696,3.33,1
170,prime,visual,v_de,visual2visual,Nee,Flikkerende,Socialist,1.313,1.025,3.025,3.025,1.93,0.365418119,,11,,0.535714286,1.18,1,9,1.93,0.195121951,1.46,0
112,prime,haptic,h_de,haptic2visual,Nee,Schurende,Spier,1.743,3.357,3.014,3.357,4.67,0.195349848,,9,,0.102564103,0.48,1,5,4.67,0.288135593,2.04,4
127,prime,haptic,h_de,haptic2visual,Ja,Zachte,Spier,1.643,3.982,3.339,3.982,4.2,0.262488849,0.832062,6,3.73,0.236842105,2.59,14,5,4.67,0.288135593,2.04,4
129,prime,haptic,h_de,haptic2visual,Nee,Plakkende,Spier,1.443,3.657,3.314,3.657,4.67,0.263115416,,9,,0.238095238,0.48,2,5,4.67,0.288135593,2.04,4
143,prime,haptic,h_de,haptic2visual,Ja,Tintelende,Spier,1.018,3.795,2.277,3.795,4.67,0.415806927,,10,,0.543478261,0.78,1,5,4.67,0.288135593,2.04,4
116,prime,haptic,h_de,haptic2visual,Nee,Kleverige,Sterkte,1.75,3.5,2.125,3.5,2.565,0.215163321,0.820183,9,3.53,0.323943662,1.32,1,7,1.6,0.106382979,2.48,2
21,target,visual,v_het,haptic2visual,Nee,Amber,Sterven,1.357,1,2.857,2.857,3.725,0.364439325,0.779902,5,4.18,0.419354839,1.97,1,7,3.27,0.30952381,3.53,5
94,target,visual,v_het,auditory2visual,Ja,Modderig,Sterven,1.329,1.971,3.6,3.6,3.47,0.372710623,0.856102,8,3.67,0.435897436,1.42,1,7,3.27,0.30952381,3.53,5
95,target,visual,v_het,auditory2visual,Ja,Rauw,Sterven,1.329,1.171,3.1,3.1,3.535,0.385531136,0.814663,4,3.8,0.461538462,2.24,11,7,3.27,0.30952381,3.53,5
169,prime,visual,v_het,visual2visual,Nee,Schitterend,Sterven,1.595,1.183,3.444,3.444,2.735,0.361658457,0.854525,11,2.2,0.413793104,2.99,2,7,3.27,0.30952381,3.53,5
88,target,visual,v_de,auditory2visual,Ja,Soepele,Substituut,0.813,2.188,2.75,2.75,2.58,0.340263692,0.99406,7,2.73,0.327586207,1.56,3,10,2.43,0.352941176,0.6,0
18,target,visual,v_het,haptic2visual,Ja,Somber,Type,1.183,0.944,2.516,2.516,2.03,0.333333334,0.926306,6,2.33,0.4,2.43,2,4,1.73,0.266666667,3.08,5
26,target,visual,v_het,haptic2visual,Ja,Spits,Type,0.759,2.313,3.321,3.321,2.7,0.375980393,0.928955,5,3.67,0.485294118,1.89,3,4,1.73,0.266666667,3.08,5
65,target,visual,v_het,visual2visual,Ja,Bruin,Type,0.905,0.778,2.794,2.794,2.765,0.442857143,0.708907,5,3.8,0.619047619,2.68,3,4,1.73,0.266666667,3.08,5
158,prime,visual,v_het,visual2visual,Ja,Klonterig,Type,1.294,1.667,2.794,2.794,2.63,0.271794872,0.708814,9,3.53,0.276923077,0.78,0,4,1.73,0.266666667,3.08,5
75,target,visual,v_de,auditory2visual,Nee,Ongelijke,Uitvinding,2.161,3.125,3.571,3.571,1.865,0.157786886,0.878655,9,1.53,0.25,1.23,0,10,2.2,0.065573771,2.18,0
84,target,visual,v_de,auditory2visual,Ja,Vieze,Uitvinding,1.486,2.6,3.671,3.671,2.6,0.31219865,0.873652,5,3,0.558823529,2.89,10,10,2.2,0.065573771,2.18,0
3,target,visual,v_de,haptic2visual,Nee,Barstende,Veiligheid,2.365,1.5,2.889,2.889,1.93,0.212937063,,9,,0.107692308,1.57,2,10,1.93,0.318181818,3.13,3
5,target,visual,v_de,haptic2visual,Ja,Stevige,Veiligheid,1.893,2.125,3.188,3.188,2.5,0.274475525,0.928228,7,3.07,0.230769231,2.38,1,10,1.93,0.318181818,3.13,3
13,target,visual,v_de,haptic2visual,Ja,Absorberende,Verbeelding,1.524,1,2.683,2.683,1.6,0.317073171,,12,,0.268292683,0.9,1,11,1.6,0.365853659,2.49,0
172,prime,visual,v_de,visual2visual,Nee,Langgerekte,Verbeelding,1.607,1.438,3.821,3.821,2.3,0.37340302,0.862372,11,3,0.380952381,0.48,2,11,1.6,0.365853659,2.49,0
198,prime,auditory,a_de,auditory2visual,Ja,Donderende,Vergadering,3.381,0.968,2.095,3.381,3.27,0.373122834,,10,,0.358490566,0.85,4,11,3.27,0.387755102,2.93,0
215,prime,auditory,a_het,auditory2visual,Ja,Hese,Verhoor,1.897,3.159,2.087,3.159,4.335,0.569157393,0.93572,4,3.8,0.705882353,1.18,18,7,4.87,0.432432433,2.43,4
54,target,visual,v_de,visual2visual,Nee,Fonkelende,Verhulling,2,1,3.367,3.367,3.87,0.339673913,,10,3.87,0.375,1.3,1,10,,0.304347826,0.78,1
69,target,visual,v_de,visual2visual,Ja,Lichtbruine,Verhulling,1.2,1,3.967,3.967,3.6,0.502173913,,11,3.6,0.7,0.9,0,10,,0.304347826,0.78,1
79,target,visual,v_de,auditory2visual,Nee,Vallende,Verhulling,2.05,1.45,3.517,3.517,,0.26905703,,8,,0.233766234,1.99,2,10,,0.304347826,0.78,1
100,target,visual,v_de,auditory2visual,Ja,Wazige,Verhulling,1.4,0.7,3.367,3.367,3.47,0.47826087,,6,3.47,0.652173913,1.51,2,10,,0.304347826,0.78,1
155,prime,visual,v_de,visual2visual,Ja,Mottige,Verhulling,1.8,1.3,2.867,2.867,2.07,0.255639098,,7,2.07,0.142857143,0.6,1,10,,0.368421053,0.78,1
180,prime,visual,v_de,visual2visual,Nee,Doorschijnende,Verhulling,1.25,0.813,3.792,3.792,3.5,0.501011123,,14,3.5,0.697674419,0.48,0,10,,0.304347826,0.78,1
202,prime,auditory,a_de,auditory2visual,Nee,Rinkelende,Verklaring,3.533,1,1.6,3.533,1.8,0.404634581,,10,,0.515151515,0.9,1,10,1.8,0.294117647,3.13,0
184,prime,auditory,a_het,auditory2visual,Nee,Fluitend,Verleden,2.778,1.528,1.583,2.778,1.33,0.223112536,,8,,0.298076923,1.04,2,8,1.33,0.148148148,3.3,7
205,prime,auditory,a_het,auditory2visual,Ja,Gedempt,Verleden,3.378,1.089,1.333,3.378,1.8,0.413359789,0.931374,7,2.27,0.678571429,1.18,1,8,1.33,0.148148148,3.3,7
128,prime,haptic,h_het,haptic2visual,Nee,Hitsig,Vilt,1.688,3.75,2.813,3.75,3.47,0.2625,0.809776,7,2.4,0.125,1.46,1,4,4.54,0.4,1.4,11
138,prime,haptic,h_het,haptic2visual,Nee,Glad,Vilt,1.188,4.375,3.375,4.375,4.305,0.362650603,0.83905,6,4.07,0.325301205,2.17,2,4,4.54,0.4,1.4,11
142,prime,haptic,h_het,haptic2visual,Ja,Slap,Vilt,0.8,3.8,2.75,3.8,3.905,0.408333334,0.723963,6,3.27,0.416666667,2.36,12,4,4.54,0.4,1.4,11
144,prime,haptic,h_het,haptic2visual,Nee,Koud,Vilt,0.9,4.1,2.35,4.1,4.135,0.436111111,0.738496,5,3.73,0.472222222,2.84,8,4,4.54,0.4,1.4,11
117,prime,haptic,h_de,haptic2visual,Ja,Slijmerige,Vloeistof,1.536,4,3.348,4,3.735,0.222513743,0.650393,10,3.27,0.289855072,1.75,1,9,4.2,0.155172414,2.21,0
131,prime,haptic,h_de,haptic2visual,Nee,Taaie,Vloeistof,1.473,3.875,3.161,3.875,3.835,0.283606151,0.864188,5,3.47,0.301587302,2.19,10,9,4.2,0.265625,2.21,0
216,prime,auditory,a_het,auditory2visual,Nee,Lauw,Volume,2.504,2.563,1.429,2.563,3.265,0.57184529,0.871071,4,3.53,0.662921348,1.54,10,6,3,0.480769231,1.99,0
200,prime,auditory,a_het,auditory2visual,Ja,Stil,Voornemen,3.686,1.243,1.836,3.686,2.465,0.37515763,0.876852,4,3.2,0.442622951,3.58,8,9,1.73,0.307692308,1.61,3
68,target,visual,v_de,visual2visual,Nee,Paarse,Vrijheid,1.116,1.116,3.955,3.955,2.8,0.497389654,1.01049,6,4.13,0.790697674,2.15,10,8,1.47,0.204081633,3.11,0
76,target,visual,v_de,auditory2visual,Ja,Krullende,Vrijheid,1.817,2.04,3.365,3.365,1.47,0.213981115,,9,,0.223880597,0.85,1,8,1.47,0.204081633,3.11,0
28,target,visual,v_de,haptic2visual,Nee,Groeiende,Wacht,0.92,1.759,3.527,3.527,3.2,0.415384616,,9,,0.430769231,1.91,3,5,3.2,0.4,3.87,10
55,target,visual,v_de,visual2visual,Nee,Sterke,Wacht,0.982,2.071,3.027,3.027,2.965,0.350793651,0.683177,6,2.73,0.301587302,3.08,7,5,3.2,0.4,3.87,10
59,target,visual,v_de,visual2visual,Nee,Stompe,Wacht,1.057,1.771,3.214,3.214,3.445,0.366666667,0.850451,6,3.69,0.333333333,0.85,5,5,3.2,0.4,3.87,10
165,prime,visual,v_de,visual2visual,Nee,Papperige,Wacht,0.913,1.683,2.381,2.381,3.235,0.307843137,0.717868,9,3.27,0.215686274,0.3,0,5,3.2,0.4,3.87,10
197,prime,auditory,a_het,auditory2visual,Nee,Lachend,Wantrouwen,3.829,0.986,3.014,3.829,2.9,0.34375,0.921945,7,4,0.5,2.03,16,10,1.8,0.1875,1.98,1
11,target,visual,v_de,haptic2visual,Ja,Droge,Weerstand,1.3,2.571,3.671,3.671,3.065,0.309200604,1.0069,5,3.8,0.461538462,2.5,4,9,2.33,0.156862745,2.36,0
12,target,visual,v_de,haptic2visual,Ja,Gesmolten,Weerstand,1.5,1.871,3.671,3.671,2.33,0.31372549,0.945311,9,,0.470588235,2.18,0,9,2.33,0.156862745,2.36,0
203,prime,auditory,a_het,auditory2visual,Ja,Luid,Welkom,3.971,1.257,1.829,3.971,2.765,0.405092593,0.868225,4,3.53,0.625,2.54,11,6,2,0.185185185,3.57,2
110,prime,haptic,h_het,haptic2visual,Nee,Drassig,Welzijn,2.111,3.444,2.944,3.444,2.73,0.157072369,1.02971,7,3.86,0.15625,0.78,0,7,1.6,0.157894737,2.33,0
118,prime,haptic,h_het,haptic2visual,Nee,Doorweekt,Welzijn,1.528,3.59,3.299,3.59,2.565,0.227756893,0.995511,9,3.53,0.297619048,1.86,0,7,1.6,0.157894737,2.33,0
44,target,visual,v_de,visual2visual,Ja,Zwakke,Worp,1.545,2.321,3.402,3.402,3.17,0.255578094,0.819115,6,2.27,0.275862069,2.74,4,4,4.07,0.235294118,2.23,4
47,target,visual,v_de,visual2visual,Ja,Bloedige,Worp,1.357,2.071,3.314,3.314,3.835,0.295066414,0.838693,8,3.6,0.35483871,1.85,2,4,4.07,0.235294118,2.23,4
181,prime,auditory,a_de,auditory2visual,Ja,Zeurende,Wrok,2.548,1.54,1.794,2.548,1.8,0.179861111,,8,,0.270833333,1.38,2,4,1.8,0.088888889,2.2,4
139,prime,haptic,h_het,haptic2visual,Ja,Donzig,Zaad,0.706,3.261,2.939,3.261,4.065,0.384415585,0.672252,6,3.4,0.25974026,1.3,13,4,4.73,0.509090909,2.33,8
124,prime,haptic,h_het,haptic2visual,Nee,Zijdeachtig,Zeer,1.714,3.911,3.08,3.911,1.6,0.255668399,0.880074,12,,0.356164384,0.7,0,4,1.6,0.155172414,3.5,19
10,target,visual,v_de,haptic2visual,Nee,Knappe,Ziekte,1.829,1.743,3.4,3.4,2.83,0.302480339,0.889361,6,2.33,0.517241379,3.01,11,6,3.33,0.087719298,2.98,3
58,target,visual,v_de,visual2visual,Ja,Bleke,Ziekte,1.929,1.443,3.6,3.6,3.63,0.354204477,0.818318,5,3.93,0.620689655,1.92,4,6,3.33,0.087719298,2.98,3
86,target,visual,v_de,auditory2visual,Nee,Glimmende,Ziekte,1.829,1.643,3.7,3.7,3.5,0.33418223,1.03236,9,3.67,0.580645161,1.94,2,6,3.33,0.087719298,2.98,3
